{"cameraMode":{"drawMode":0,"name":"Shaded","section":"Shading Mode"},"sceneLighting":false,"audioPlay":false,"sceneViewState":{"m_AlwaysRefresh":true,"showFog":true,"showSkybox":false,"showFlares":true,"showImageEffects":true,"showParticleSystems":true,"showVisualEffectGraphs":true,"m_FxEnabled":true},"in2DMode":false,"pivot":{"x":-0.025268495082855226,"y":0.6280543804168701,"z":0.8800827860832214},"rotation":{"x":0.12282713502645493,"y":-0.7390190958976746,"z":0.14021320641040803,"w":0.647383987903595},"size":0.9103533029556274,"orthographic":false}